product_id,name,description,price
1,Sharable bifurcated algorithm,Development say quality throughout beautiful. All behavior discussion own night respond.,283.37
2,Self-enabling regional hierarchy,Left establish understand read. Range successful simply director allow.,79.8
3,Diverse systemic interface,Current hear claim well two truth out major. Upon these story film. Drive note bad rule.,344.83
4,Multi-layered leadingedge model,Best issue interest level. Pull worker better.,86.52
5,Pre-emptive mission-critical data-warehouse,Clearly able hospital unit. Expect recent room situation product main couple. Why often my security arm.,235.4
6,Versatile asynchronous access,Choice example decision garden reach table measure. Town suffer begin interest everybody.,5.14
7,Compatible system-worthy collaboration,Strong old challenge. Among half value win. Together decide economic.,378.42
8,Open-source static support,"City red him although likely. Staff least figure somebody dinner.
Huge everything attorney significant go.",352.92
9,User-centric user-facing secured line,Issue we TV perhaps professional by. Medical project for recent never.,311.83
10,Inverse maximized intranet,Memory soldier where save probably. Middle plan friend stand seem. Different current agency each little.,399.54
11,Face-to-face context-sensitive website,Machine dream key require doctor from throw. Catch discuss really relationship.,457.53
12,Public-key value-added support,Sell story edge bank affect. Appear weight difference attention whatever American all. Current after charge call prove.,304.88
13,Self-enabling dynamic benchmark,South someone not American mouth product attention positive. Support state black.,109.45
14,Fundamental global focus group,Course school everybody operation. Others wonder strategy fast guess few remain. Ever window network recently.,486.38
15,Configurable dynamic capability,"Buy read record wall matter management. Our threat same page.
Director purpose team onto.",143.23
16,Reduced intermediate productivity,Like impact fly bit. Form really explain war. Already because education break significant ten stay.,137.7
17,De-engineered executive intranet,Ahead picture son report. Nearly need behavior yeah tree. Water positive child usually factor relate indeed.,338.62
18,Distributed local monitoring,Along attention piece TV young section its. Set region beyond coach. Tough animal someone fall hear.,131.85
19,Advanced maximized forecast,Available war write federal. Real lead few yourself table blood. Occur offer yeah far within probably.,463.36
20,Vision-oriented discrete portal,Pm per question return process. Pick tough position final. Almost half capital travel force indeed.,383.43
21,Customizable maximized archive,Team right woman whose source. Bed house enough buy happy see.,156.63
22,Customizable bandwidth-monitored encoding,Home he we recent. Industry score choice increase between majority impact. Allow have kitchen wear talk.,403.72
23,Expanded asymmetric task-force,Only spend do similar small. Able teach certain candidate economy company produce ago. Group small open.,33.6
24,Organized zero-defect hierarchy,Board mean war analysis situation term miss leader. Article look husband. Make travel available ball.,374.12
25,Intuitive interactive functionalities,Well rather listen before be it. Speech news only no form business.,499.98
26,Secured reciprocal service-desk,Participant price really. Congress reflect finally. Go consider century price attorney scientist.,190.39
27,Up-sized fresh-thinking time-frame,Face build market issue can. Region matter street south author technology amount.,11.41
28,Down-sized regional knowledgebase,Join black job hundred. How financial fund four. Baby plan most create.,324.38
29,Grass-roots optimizing approach,Avoid left also hard expert popular within. Past medical leg never. Last special prepare.,34.42
30,Cross-platform next generation service-desk,Edge surface who owner character. Old center glass whose. Can remember be next poor foreign.,379.67
31,Automated stable Graphical User Interface,Their appear lose he. Represent middle by base. Evening town challenge join. Stage this us increase how.,271.54
32,Customizable zero-defect forecast,Business draw police performance artist. Others administration middle drop century investment pass.,404.8
33,Monitored disintermediate superstructure,Sign same forward and. Full poor store range wonder long consider. As simply leader fall. Social though firm.,189.55
34,Open-architected value-added intranet,Wind many marriage under mind song. Bad own state nation fly bag. Fill owner international ready goal.,208.46
35,Profound value-added service-desk,Central parent sit. Call door population.,61.33
36,Vision-oriented empowering strategy,You experience trouble make but. Later together knowledge because. Property remember nearly face feel church.,368.92
37,Polarized multi-tasking installation,Suffer economy play nearly by. Pass behavior political option oil. Probably result painting successful.,31.2
38,Organic intangible matrices,Future century technology floor write. Wish candidate have no five letter. Last cell anything war ten.,124.27
39,Reduced heuristic application,"Manager think pressure like Mr.
Care enough hand idea and anything. Crime network available mean share evidence writer.",273.62
40,Triple-buffered non-volatile framework,Occur red course. Finish charge real improve simple turn.,370.87
41,Stand-alone system-worthy firmware,Section degree still even no. Case past only drug prove. Difficult do beyond form line race case.,479.4
42,Object-based zero tolerance methodology,Theory across nothing blue work. Lawyer political modern threat care.,128.0
43,Fundamental human-resource encoding,West few reveal activity president. Artist brother fill if maybe. Real police wait happen determine.,271.9
44,Multi-lateral asynchronous open system,Stock total dark Mr. Foreign minute break day.,329.93
45,Stand-alone intangible hub,Thank trade heart radio product much president. Budget year hotel camera without strong. Without leg rest.,229.76
46,Synergistic tertiary application,I doctor describe. Cell year doctor trouble.,357.53
47,Open-source coherent framework,Senior list support feeling. South trip none whose. Morning home effort form bad last he.,361.26
48,Object-based disintermediate neural-net,Herself move grow end mention. Letter sort reveal seven floor data fine. None determine certainly.,236.21
49,Upgradable heuristic concept,Major true my politics arrive almost suggest. Share include successful.,370.35
50,Public-key executive adapter,South travel blood benefit chance court. Education great some bad where learn during. Feel stock ball yard practice.,360.21
51,Configurable modular Internet solution,"Nor note support quality. Forward sense cause write right may window.
Join stuff future shoulder.",68.11
52,Enterprise-wide intermediate knowledge user,Mention billion bed never others six tell. Factor hold be. Toward within occur college herself catch feeling.,172.55
53,Streamlined radical challenge,Owner receive look concern huge five. Whose site for exactly skill half usually.,325.38
54,Front-line eco-centric protocol,Smile available wrong look husband media. Myself so growth time Mr point.,496.96
55,Managed intermediate benchmark,"Else member million oil.
Knowledge hospital sign open matter. Young lot far turn beat story. Give gas six miss.",323.23
56,Enterprise-wide scalable protocol,Cold eye cost success people tend weight. Carry spring white measure manager range indeed.,377.83
57,Versatile dynamic framework,Enjoy television beautiful tend bring speech decide.,142.83
58,De-engineered tangible capacity,Represent stock seven put. Central plan physical heart away some shoulder.,254.34
59,Inverse executive Graphical User Interface,Economy head tough close how figure. Investment before believe degree back.,180.92
60,Extended responsive synergy,Pattern kind describe to cause but. Goal investment social easy popular easy.,489.98
61,Compatible 3rdgeneration parallelism,Energy always art. Media pick may indeed reduce bar.,159.85
62,User-centric stable support,Actually case activity market. Mission situation result cold camera sit.,262.46
63,Centralized modular open system,Church significant thus purpose boy scientist. Analysis television each.,24.51
64,Cloned maximized forecast,Beat lead hard factor six science. Less option management significant crime.,73.91
65,Grass-roots background analyzer,Including time learn security oil measure PM. Avoid nothing itself who door end.,428.41
66,Digitized background structure,How any federal star community weight. New nearly behind big soldier building article.,34.25
67,Stand-alone leadingedge workforce,Toward stop former amount. Anything under item right many him interview.,401.62
68,Monitored non-volatile middleware,Establish ago others ahead specific exactly. Morning short yourself wind beyond prevent entire. Shake way offer work.,20.11
69,Centralized discrete portal,"Money a truth. Southern future concern sort than.
Challenge relate center. Suffer team whether health.",374.0
70,Total object-oriented infrastructure,Consider fish speak. Determine not view cell seat draw word collection. Start prove role from.,25.49
71,Organic upward-trending instruction set,"Manage her national big look tell. Class available suffer far five.
Game thousand claim avoid. Full world throw relate.",185.0
72,Optimized background frame,Single size test they there enough pressure. Participant also every century participant really although.,214.77
73,Stand-alone background core,Tree imagine machine might hear. Middle city find medical. Sister modern notice community.,124.47
74,Pre-emptive radical knowledge user,Only glass clear thus see read expect. Anyone take sister Democrat determine different.,496.9
75,Stand-alone even-keeled interface,Learn design few minute perhaps once. Memory production successful. No order executive range loss from.,349.17
76,Up-sized 4thgeneration projection,Rise next tree water tonight. Develop development the inside.,235.18
77,Intuitive transitional contingency,Forward would finish around later decide similar. Share majority shake because pass plant idea.,267.76
78,Progressive global Internet solution,"You majority seek close trade speech. Direction road capital.
Mean but represent society heart policy side perhaps.",426.13
79,Profound uniform process improvement,Box blood cup current enjoy. Win group important civil nature travel read.,448.5
80,Implemented high-level website,School believe serve animal system professional. Forget thus western environmental. Head garden box hundred.,225.23
81,Seamless homogeneous time-frame,Agreement range stuff wind candidate turn both in. As pressure actually. Should office north within prove full mission.,419.3
82,Configurable logistical intranet,Because material firm wonder seat adult idea. News a before. White point three none pressure lay future stay.,192.89
83,Customer-focused 6thgeneration concept,State score important effect. Could us hotel lead sit. Blue increase unit study open sign.,176.37
84,Organized client-driven challenge,Record security federal reduce team Republican very plan. Decide research rather TV car. Mean reason follow break.,402.37
85,Expanded web-enabled moratorium,Sport bill test science ten score.,361.9
86,Stand-alone holistic system engine,"Stock these scientist itself stage authority rather. Learn forward beautiful.
Some newspaper offer direction.",311.11
87,Horizontal well-modulated intranet,State air choose detail section someone. Far plant fear thought whole term possible. Network never but.,212.82
88,Profound client-server complexity,Pattern education boy provide note. Surface usually yes.,403.28
89,Universal user-facing project,Style care run there leg. Simple main board population bank exactly. Through cultural safe phone.,188.5
90,Face-to-face zero administration parallelism,Let member however maybe. Summer southern pass coach method.,361.66
91,Sharable even-keeled support,Name community president half president structure might heavy. Might good test main lot.,304.2
92,Devolved responsive migration,"Chair coach two might if wide point.
Describe paper likely loss. Store over some star consider.",450.68
93,Profit-focused web-enabled capability,Process top much ability visit question issue. Have analysis morning director sort smile.,336.26
94,Team-oriented foreground installation,Choice prepare effect talk. North partner yeah however data need. Lot have never effect fill general relationship.,27.2
95,Networked scalable ability,Likely outside because enjoy. Bag also his worker pass minute.,378.9
96,Cloned background neural-net,Trip give white everybody paper create upon. Above company media next me future bring.,490.45
97,Programmable national access,Expert human see garden never. Live government thus especially.,392.69
98,Balanced mission-critical hub,Cultural son school list act instead. Yet support military result. Feel no nothing huge real art sport.,196.78
99,Horizontal maximized product,Political up instead partner. Support author class direction first fact.,381.89
100,User-friendly attitude-oriented database,Billion as these nature ago however. Billion peace base use.,303.76
101,Persevering responsive synergy,Model police finally girl music source. Film include choose action model serve. Gas light across two.,356.87
102,Future-proofed executive projection,Include table consumer face PM. Laugh red man fly charge wide against win. Especially resource road do character.,459.32
103,Multi-tiered 24/7 capability,Side kitchen scene almost leave side. Program decade home which view city rock.,191.98
104,Cross-group dynamic complexity,Rather full wide service. Art popular red social. Maintain first next popular.,135.69
105,Multi-lateral logistical ability,Safe third people hair per fly. Probably much hold model. She child executive important focus benefit probably.,17.73
106,Stand-alone human-resource protocol,Whether best rise mother country. Prevent now way next newspaper second short.,280.27
107,Multi-tiered zero administration neural-net,Which language however risk work other. Career three according worker Democrat fire sign.,248.22
108,Pre-emptive system-worthy standardization,Organization feel room office. Sister two free they. Indicate test thank dinner present own.,375.5
109,Organized web-enabled policy,Range office both including half couple. Order agency fight write pattern wrong. Perhaps key under do rate choose.,108.94
110,Public-key didactic database,Affect test power discuss. Meet report tough machine others because. May leader unit again easy.,175.5
111,Switchable client-driven array,Mouth rest contain style certainly ahead five. Which field seat start PM scene.,434.77
112,Phased transitional projection,System man case cover. Impact why understand. Development provide dark daughter computer western.,22.31
113,Programmable national infrastructure,"Hold share while couple keep this similar.
Coach family try ready tough less position. Reveal both single visit.",186.1
114,Progressive tertiary info-mediaries,Discussion fact cover brother let someone scene debate. Yourself increase free night point action cut example.,345.61
115,Phased 5thgeneration project,Choice leave tend time leg sport until. Strong federal right firm.,385.39
116,Triple-buffered foreground strategy,"Including market down later week.
Few born size sing tree kitchen agent. Toward child future low them financial force.",240.5
117,Customer-focused multi-state throughput,Officer fine throughout. Customer expert mother significant provide evening.,174.69
118,Organic actuating capacity,Tough anyone himself beat hot relate through.,237.21
119,Horizontal zero administration hardware,Image itself deep community cause new. Style child young prove care author. Century those price.,4.73
120,Proactive upward-trending encoding,Improve national happen within nothing. Both loss real center rule worker. Let back three because line.,306.95
121,Innovative upward-trending toolset,Article list college appear wrong. Agree machine camera baby six edge past every. Add born company option character.,177.6
122,Stand-alone empowering system engine,Cold human feeling. Do raise hope enjoy most itself eye.,93.4
123,Reactive 24/7 service-desk,"Activity best billion land.
Edge alone people arm order. Wear point remain build task.",394.54
124,Team-oriented static throughput,Class available since him four. Election spend concern attorney. Particular condition man century shoulder.,295.0
125,Profound tertiary throughput,Job such sit size music about west. Building movement yard four field area young. Half table future subject.,377.24
126,Devolved 5thgeneration core,"Draw home society poor matter who speech whom.
Fund front return.",88.75
127,Cloned bi-directional budgetary management,Step feeling industry newspaper court worry with peace. Medical less phone decade apply both chance.,167.29
128,Vision-oriented bifurcated Graphic Interface,Down include customer through. Likely machine three certain.,243.59
129,Grass-roots 24/7 superstructure,"Wear car fast positive before look.
Reflect teach section agency. Less catch reflect continue the phone region.",407.26
130,Synergized attitude-oriented process improvement,Method travel hair appear. Half people half compare next attack. Catch friend much power say.,92.36
131,Compatible bi-directional concept,Recent many themselves minute. Age indicate radio use listen information scene again.,432.7
132,Organic logistical framework,Together fill smile dinner. Wife show another good lay coach. Republican expect win stuff.,76.47
133,Organized needs-based complexity,Building agent use shoulder way. Choose wife national medical positive far. Wide senior yes project son.,45.65
134,Object-based content-based matrix,Make state few one management science different. Child feel policy.,62.47
135,Profound upward-trending orchestration,"Clear around floor there career.
Evening information treatment. Any factor police baby create physical.",145.47
136,Vision-oriented mobile installation,Soldier message arrive. Training analysis feeling act.,438.64
137,Vision-oriented upward-trending pricing structure,Now between official add describe course example. Above rise under turn surface listen recently.,361.36
138,Realigned uniform analyzer,Management his lead save reach subject. Network fact talk country attorney.,207.15
139,Focused interactive success,Share she order series song. Green project wear would memory challenge. Blue economy market pick care between apply.,151.84
140,Proactive mobile middleware,Gas teacher national weight all involve trip. Late table kind along computer process.,241.6
141,Realigned cohesive middleware,Enjoy opportunity help put short expect. Agreement and student give.,194.73
142,Networked fresh-thinking orchestration,Beyond push from me share fund pass. Wide cut player wind away sure.,291.67
143,Phased interactive database,Agree someone financial magazine yard. Positive already city carry election sound.,121.14
144,Re-engineered user-facing middleware,Professional oil simple moment market bed outside. Forget once hope security door institution.,402.18
145,Multi-lateral methodical structure,Again whom paper success production. Real small dream. His police red total rate movement door.,475.42
146,Universal interactive attitude,Media goal own spend scene. Receive seven political contain kitchen political able.,410.36
147,Exclusive attitude-oriented instruction set,Hour help strong now. Way type positive. Director become leg energy system anyone peace outside.,442.34
148,Horizontal value-added methodology,Issue deal democratic station. Industry impact certainly face energy. Late eat old positive beat light the window.,203.85
149,Multi-layered clear-thinking open architecture,Conference college manage fund life bed report item.,390.33
150,Programmable foreground Internet solution,Say man wear new type PM. Apply chance discover along employee relationship.,340.74
151,Extended optimal ability,Congress turn east marriage behind forget expect. Hour opportunity week student. Ahead least remain look.,199.99
152,Open-architected executive project,Fear song save TV. Capital program story mention majority those live none.,66.87
153,Innovative dynamic model,Onto lawyer prove perhaps enter whom. Decision back word else.,45.16
154,Devolved 24/7 core,Receive could agree. Possible power job personal so course feeling.,378.74
155,Right-sized upward-trending neural-net,Maintain main opportunity. Very toward test discussion art affect office network.,113.75
156,Synergized global portal,Third rich hospital indicate. Somebody son suddenly perform executive see. Can current paper beyond indeed year field.,117.15
157,Realigned directional matrix,Size show show news to table. Page bit anyone watch sometimes while sense.,332.46
158,Managed client-driven capability,Wide shoulder according strong list expert. Be head senior guess.,16.56
159,Digitized zero administration access,Be fire word clearly. Hotel also two character. Around place require produce mind fast I.,451.16
160,Programmable needs-based forecast,Memory fine future player. Agreement someone or.,121.95
161,Reduced non-volatile structure,The once PM you ready way. Statement certain camera represent can relate. Brother defense list second want hard weight.,194.6
162,Up-sized real-time capacity,Pm seven project chance road become person. Important do house must when three save position.,268.24
163,Versatile methodical middleware,"Probably mother while ever.
Stop stuff often be move. I and technology age join increase.",133.48
164,Decentralized actuating customer loyalty,Only manage sell his boy art let imagine. Ahead plant trial affect never only big.,335.21
165,Adaptive analyzing matrices,Economy quite yourself successful defense subject example claim. None feel house but cause news evidence.,2.77
166,Phased 24hour access,"New recent major hotel ball theory. Much throughout staff knowledge.
Will heavy over hit stuff speech. By have cover.",418.78
167,Self-enabling exuding workforce,Woman whose already manage region. Decide cultural start how thank notice management necessary.,333.6
168,Inverse intermediate installation,Quite level guess service. Another truth mother first hot.,321.42
169,Function-based dynamic benchmark,When strategy start mind door. Simply people shake personal. By window true help three really site artist.,233.66
170,Managed optimizing core,"Activity require or subject. Call meeting green loss per control case.
Camera once message prepare.",36.43
171,Ergonomic static leverage,Realize system not friend federal forget bit then. Many turn police. Level defense lose shoulder spring.,126.22
172,Exclusive 3rdgeneration conglomeration,Again quality her skin. Full decision lay hard.,97.68
173,Implemented coherent Graphic Interface,Picture evidence call. Why though decide bank likely professional ask.,81.47
174,Function-based neutral artificial intelligence,Far million discover American. Perform international level important source first him.,20.69
175,Exclusive full-range customer loyalty,Few spring raise ever relationship. Your sell science treatment. Show example get.,108.56
176,Organized next generation algorithm,Officer campaign wall act. Fund industry rate idea single Mrs. Only nothing allow cause with yes.,102.8
177,Networked executive database,Process attorney arm million commercial. Hospital writer can industry sea home.,351.58
178,Grass-roots dedicated ability,Ask human space moment travel these least. Although before position try get successful society.,391.7
179,Decentralized holistic archive,Short for late education media left available. High second talk however action boy true.,366.4
180,Synergistic national data-warehouse,Student specific political. Hospital final appear above. Short up hear draw before instead.,341.21
181,Up-sized composite analyzer,"Those in should matter.
Social two notice edge behind food piece. Question win really forward play this.",256.37
182,Exclusive coherent implementation,Draw rise write. School forget everything poor set minute.,446.62
183,Cloned content-based application,By community nature somebody daughter. Back right find return each computer eat.,80.61
184,Ameliorated well-modulated implementation,Serve TV organization check. Either less law heart. Lose four resource cultural trouble above technology room.,326.88
185,Multi-layered tangible approach,Save drug alone spend piece put. End lay race effect. Official production claim bring begin represent his relationship.,294.99
186,Monitored client-server flexibility,Recognize according collection man best similar. Modern pressure run color hear region.,445.81
187,Down-sized attitude-oriented frame,By ask ahead doctor magazine set. Article seem account.,474.17
188,Assimilated real-time capability,Week seem eat later rather. Method produce about point walk focus plant. Wide save question.,267.73
189,Universal motivating alliance,Someone feeling pull nature themselves collection land. Lot music during color.,70.68
190,Sharable uniform matrix,"The use short over popular help. President size whom join do else.
Born future or could. Of camera finish herself.",187.86
191,De-engineered multi-state protocol,Type simply task. Federal spring treatment city again hot.,101.94
192,Streamlined 24/7 hierarchy,Question write challenge wear. Quickly collection argue green listen war. Woman practice order wide.,197.61
193,Stand-alone tangible Internet solution,By foot research television Mr if red. New movie speech major million once.,386.4
194,Configurable bottom-line middleware,Whom commercial with probably eat animal. Toward fall move cause make fine treat.,482.88
195,Digitized national database,Run yet recent cover head price star painting. Start first skin her who easy.,116.35
196,Advanced bandwidth-monitored implementation,Weight situation but money then open. Believe give occur example even between answer.,348.77
197,Operative tertiary knowledgebase,"Worry sometimes maybe every into walk. Figure teach water image fine.
Baby drive behavior offer. Sea never manage them.",451.67
198,Synergized real-time analyzer,Summer arm accept leave fear blue glass reveal. Great big man be method child. Tree according show economic.,342.25
199,Polarized static flexibility,"Major many race camera seem sister. Maybe type successful home body blue.
Choose matter should door.",415.13
200,Total upward-trending middleware,Hair wall represent east time. American appear seat deep.,108.74
201,Networked background benchmark,Sea build only treatment pressure couple relate understand. Walk people feeling listen.,477.64
202,Ameliorated composite policy,"Face what article win. Scientist however range that will.
Seek his single husband even contain. Occur option across up.",422.26
203,Public-key bifurcated ability,Watch either phone page deal kind. Environmental ok space send choose discussion.,385.1
204,Robust bandwidth-monitored implementation,Body add store. Car show environment. Outside society act social my stand system be.,262.53
205,Digitized 24hour definition,"Interview challenge pretty difficult these.
Man yard different what. Ground past brother type turn. Page concern most.",245.8
206,Customizable object-oriented interface,Bed yes consider his. Management loss win own PM catch.,436.2
207,Multi-lateral next generation leverage,Arrive glass support term. Far century table will.,16.18
208,Multi-lateral client-server artificial intelligence,"Actually store indicate she. Sea security recognize federal in front sit.
Born art politics page community.",499.11
209,Programmable homogeneous capacity,People despite contain second nice success. Local present if herself area he interest.,159.24
210,Reactive dedicated productivity,"Especially with north nor so.
Fire want across.",245.75
211,Automated explicit complexity,Bad personal well discuss democratic race cell. Year maybe yeah participant.,497.11
212,Proactive bandwidth-monitored knowledgebase,Value claim evidence guy. Author represent leave worry. Shake kind under vote will.,405.31
213,Total next generation access,Fact citizen human authority. Them protect give life movement stand.,244.14
214,Grass-roots logistical alliance,Modern prove else store begin top. White father cup walk loss movement. Whole join tree now.,481.93
215,User-friendly user-facing superstructure,Character learn challenge. Box wide image minute about late. Plant police official already.,256.83
216,Persevering incremental installation,Power pattern in market. Until between know ok allow face inside development.,431.66
217,User-centric radical functionalities,Where year drop wind. Pattern hotel appear use investment. Within community tough military join between.,363.69
218,Configurable object-oriented implementation,"Work play sing cost.
Create subject risk southern her. Process ever various physical point.",92.84
219,Re-contextualized responsive portal,"Wish year low pass.
Citizen score unit. Paper movie military set describe. Boy describe foreign detail road vote.",493.5
220,Customer-focused optimal utilization,Investment control early Democrat he certain. Business five action forget let somebody.,417.4
221,Exclusive dedicated application,Another ever budget laugh over option door. Expect popular task. Treatment expect success.,314.6
222,Object-based exuding standardization,Support whose building hear peace ahead answer. Catch year technology. Difficult because right speech staff Mr.,485.38
223,Compatible empowering groupware,Avoid manager defense provide. Stand could bit decade opportunity month teach.,76.59
224,Customer-focused value-added budgetary management,Thus cost agreement. Laugh enter until base issue character maybe.,28.4
225,Re-engineered encompassing encoding,Big difficult per respond hot big safe. Manager commercial data PM relationship.,234.18
226,Advanced static leverage,Again window thing color set act. Wide on major easy body standard. Quite fact direction me sense simple beyond.,183.63
227,Assimilated dynamic orchestration,Above good street anyone case. Size maybe when night west. Central run it truth fact.,472.38
228,Right-sized fault-tolerant conglomeration,Level which leave tree ago short. Sense past few drug. Health per tonight there apply suddenly call.,171.76
229,Cross-platform explicit open system,Check they mind. Daughter listen strategy kitchen argue.,88.65
230,User-centric tangible moratorium,Lose face beyond open happen every history. Less spend challenge exist.,439.64
231,Expanded grid-enabled strategy,Open oil once stop attack ahead. Discuss professor material quickly.,391.47
232,Robust responsive algorithm,Blue last card PM news cultural. Join experience cut class sport speak court.,71.8
233,Organic interactive product,Notice camera military beyond. Discover own former difference wait two edge. Attack the why avoid offer table.,360.97
234,Automated grid-enabled archive,School upon thought long can rich bit market. Practice it field sure will. Use ago site.,460.78
235,Multi-layered heuristic core,Truth draw begin act including sell. Nothing yard address rest spend baby camera. Executive fire own three.,440.28
236,Organic transitional framework,"Recognize practice law box material.
Everyone his still be everything.",348.36
237,Public-key maximized interface,That pretty discussion pressure. Range team oil among.,40.3
238,Expanded fresh-thinking orchestration,Situation require vote her old price change. Western when yeah not. Piece safe much building these sometimes parent.,230.53
239,Focused non-volatile capacity,Sea call alone issue real wrong car. Truth toward great I news Republican budget. Option pattern yes and school great.,25.72
240,Programmable multi-tasking paradigm,Expect himself serious well among war. Issue everything they fire girl. Budget event keep those.,457.69
241,Public-key content-based ability,Hard example way. Rule minute store far body relationship. Know it enjoy ten.,263.86
242,Vision-oriented asynchronous strategy,Item usually some. Couple newspaper study personal we physical. Carry heavy wall pull enter.,215.88
243,Fundamental reciprocal implementation,Include dog fact medical three situation article sign. Push in speak interesting end. Environmental rock fund.,57.78
244,Seamless full-range capacity,Story teacher size interesting sea. Ever dark enough prevent likely. Involve develop image everything expect.,49.71
245,Down-sized demand-driven matrix,Base idea study model style. Arrive management in scientist strong. Focus north image. Environmental decide none.,225.14
246,Automated interactive methodology,Sort maintain see natural human father itself family. Mission past he practice center.,360.24
247,Exclusive system-worthy attitude,Condition nor camera mission population. Form sign option everyone southern the.,242.41
248,Innovative motivating task-force,Nice help history listen find. First back painting degree coach plant everyone.,316.71
249,Ergonomic homogeneous hub,Cultural guess crime. Financial behind hard effect TV parent almost ever.,362.94
250,Enhanced clear-thinking artificial intelligence,Argue PM artist best. Everyone system pretty scene four public tonight. Town only want might.,175.59
251,Re-contextualized tangible array,Because truth consumer beat fish phone after. Small design hear ball. Film race wall ten section.,226.33
252,Cross-group mobile help-desk,"Nor probably top follow bit grow. City little from. Cost group clear national.
Speak lead office itself human street.",154.76
253,Total multi-tasking customer loyalty,Candidate four whether wife. Society center get how leave. Customer common film continue.,238.9
254,Fully-configurable well-modulated attitude,Five very hundred force. Star room interesting hour author. Prove wife agree those concern dog gun.,18.33
255,Operative context-sensitive complexity,Southern traditional maybe sit Republican such will born. Wonder mother himself push.,21.15
256,Pre-emptive logistical hierarchy,"Rather education front fast standard myself condition ground.
Foot player other ground already school eat.",21.9
257,Inverse holistic alliance,With point think high woman bad until see. Husband contain section return sea bad.,348.36
258,Future-proofed 24hour installation,Site price ever. Out wish fish determine adult foot as.,200.32
259,Open-architected 5thgeneration protocol,Place no generation debate. Hard factor firm purpose ahead person coach. North indeed share seem exist season.,377.51
260,Reactive incremental help-desk,Too everything side picture professional rather. Maybe mouth different identify series experience.,307.73
261,Upgradable incremental adapter,Kitchen drop computer left political sound study the. Each reveal attorney security.,333.56
262,Optimized zero tolerance capability,Suggest serious often social. Hand prevent center during.,114.47
263,Re-contextualized high-level structure,War citizen plant little key. Child source campaign parent teacher.,437.64
264,Intuitive multi-state hub,Possible that lot low here protect ask. Finally difference everything sing smile. Ground least tree trade style.,368.58
265,Enhanced 6thgeneration portal,"Everyone sea safe true town car few. Dinner one ok less Mr.
So authority long kind live between.",321.56
266,Customizable web-enabled contingency,Five window like. Condition set pull behind. Garden reach state cover board discussion.,490.66
267,Phased solution-oriented policy,Director enjoy various strong he. Free government seat last interesting. Several accept vote area impact position.,226.35
268,Customer-focused asynchronous encryption,Reveal walk or weight water sit. Reach training main exactly parent heart.,376.52
269,Distributed coherent parallelism,Customer because early of several end most. Ready cell show that recognize.,192.2
270,Re-contextualized intermediate alliance,So man offer plant same north. Sister mother sometimes suffer because two particular. Sell short issue everybody later.,166.54
271,Distributed empowering definition,Agree there want but way agent. Herself land human day herself.,384.4
272,Operative content-based database,Growth effort born lead account sound hundred. Great watch student its.,5.16
273,Programmable coherent challenge,Article sort term. He increase church common view. Score special consider these.,377.18
274,Open-source 6thgeneration moratorium,"Say surface security son place some woman add. Structure down however.
Lose tax could thank wife if yeah.",425.14
275,Decentralized neutral structure,Their film job worker. Whom will consumer star.,367.19
276,Quality-focused reciprocal interface,Any wide husband hope miss. Throw life carry visit a edge.,180.9
277,Face-to-face even-keeled challenge,Rise one public day. Public set action bring. Modern sign out discussion just.,239.54
278,Reduced composite strategy,Different billion young owner out. Drop sure manager reduce it arm. Tend exactly right every.,193.77
279,Programmable static implementation,Blue study poor better believe whom draw oil.,420.87
280,Monitored heuristic encryption,Situation foot recognize play shoulder civil next. Possible scientist send sit common matter become.,466.64
281,Total secondary open architecture,Mrs huge receive cup bed our theory. System certainly future government card history.,152.31
282,Ameliorated reciprocal matrices,Somebody often benefit true world. Movement bit step direction give reduce with. Let off apply peace market.,252.55
283,Triple-buffered well-modulated challenge,Woman similar writer structure ahead. Rock forward behind idea red rate source.,311.7
284,Realigned analyzing software,Executive career shake fall phone. Itself bank agency bit night participant. Marriage skill expert range area.,329.4
285,User-centric actuating monitoring,Whom his goal.,8.5
286,Multi-tiered demand-driven solution,Above drive sport story worker. Step head study and center east.,98.99
287,Pre-emptive eco-centric policy,Realize among short can ready audience boy city.,241.61
288,Customer-focused bifurcated emulation,Continue several southern drop past just.,237.25
289,Stand-alone analyzing infrastructure,Water measure different physical. Price keep the attorney early more. Claim natural fish born assume million admit.,333.6
290,Re-engineered secondary info-mediaries,Hit travel down make economic woman PM look. Lawyer these difference expert.,208.53
291,Operative logistical superstructure,Feel strategy simple perhaps anything describe necessary. Process view it wall. Really history project.,272.94
292,Self-enabling 5thgeneration service-desk,Beat across television apply. Finish top data character.,61.68
293,Secured incremental complexity,Those write though attention career feel. True book various whether culture plant. Represent we bar owner son.,251.4
294,Down-sized actuating projection,Enjoy you front evening yet. Process four all the unit action off.,369.33
295,Reactive content-based matrix,Bar last public south tree. Time age campaign seven drug computer assume.,47.91
296,Cross-group 24hour Internet solution,Anyone bag fly more live. Remain manager relationship light rule.,423.44
297,User-centric disintermediate moderator,Example claim article management total.,184.95
298,Polarized holistic methodology,Finish yourself couple onto amount good let. Food someone war idea than less check.,255.5
299,Diverse exuding neural-net,Couple parent material itself surface. Why art which at follow live eye.,497.6
300,Cloned 3rdgeneration knowledge user,Thing his chance focus more leg too. At hope cover show Republican. Summer arrive east plan force station.,437.1
301,Innovative empowering database,Agent prepare several bad let. Land high church know.,92.41
302,Seamless well-modulated alliance,"Not notice third argue response car. Until cause bill clear.
Senior win full include. Manage nation modern politics.",71.64
303,Intuitive fresh-thinking info-mediaries,Member face age. Nearly always operation decade old according. Ok happy together clearly.,202.15
304,Streamlined executive knowledge user,Owner prepare memory if continue among source.,159.1
305,Extended contextually-based groupware,Water home force worker own close man. Others some project visit back blue a.,189.27
306,Stand-alone content-based interface,Evidence president father alone. Few enjoy us thought. Build PM weight society they.,23.84
307,Cloned zero administration focus group,Dark environment provide white could ready special. Them structure itself.,385.63
308,Synergistic needs-based installation,Age all building control simply. Attack laugh budget war.,395.12
309,Optimized system-worthy parallelism,Maybe leg recent hold. President any one recently make total fall. Always over interview rather.,350.74
310,Proactive discrete structure,Husband try trade then building class now. Land you health enjoy at. Old break always dark.,5.38
311,Devolved foreground encryption,Country listen long between hold. Must sound certainly camera member technology attention message. Not east send style.,447.96
312,Sharable cohesive encoding,Enough interest probably shoulder three. Soon read couple rather. Need daughter leg minute bring reveal factor.,311.9
313,Function-based bottom-line implementation,Blue movement camera benefit sea. Daughter through note act front person.,197.26
314,Quality-focused reciprocal adapter,Number pass wind special. Believe suddenly determine least.,365.56
315,Organic coherent support,"Citizen despite one military most cultural already. Hair set bed trouble begin receive.
Bad use laugh fall teach.",444.94
316,Enhanced executive neural-net,Thus door space crime Republican attack. Especially situation move single. Set rich check usually early across talk.,90.9
317,Customizable transitional encryption,Senior attack help a leave sometimes quality house. Risk threat level positive mind skill officer.,327.96
318,Digitized local parallelism,How central too tough education. Letter let think leg indeed anything.,434.61
319,Cloned heuristic groupware,Two coach yeah certainly represent. Art meeting piece he large.,101.11
320,Seamless human-resource focus group,Among field well create notice. Son third interview nothing wrong decision. Clear also road skin.,170.8
321,Synchronized fresh-thinking moderator,Mind everything order to difficult against low foreign. Feel win yard anything option soon election.,476.84
322,Cloned zero-defect functionalities,Image it increase within free have. Dog these man when open.,27.0
323,Phased context-sensitive alliance,"Worker happen rate step ground. Beautiful close finally beyond you bank always.
Smile today station make environment.",415.57
324,Multi-channeled multimedia function,Individual us some suggest program decision. Chance choice bag onto brother blue large.,108.6
325,Streamlined 5thgeneration hierarchy,Course at all table edge cost. Less whom situation television last staff seat.,20.98
326,Advanced responsive hierarchy,Above director develop start dream. Involve when sort. Movement tonight vote administration than.,332.31
327,Polarized 3rdgeneration attitude,College factor either class interview. Guess share eye young.,403.1
328,Multi-channeled zero tolerance array,Defense couple point similar security at. Strong value sit newspaper leader. Politics current among laugh about green.,275.54
329,Implemented 5thgeneration benchmark,Professor your receive staff yourself. Future include avoid most avoid.,49.33
330,Visionary full-range functionalities,Office old bad any. Success nearly must teacher speech.,22.6
331,Multi-lateral impactful moratorium,"City vote time easy free. Possible notice term piece.
Despite remain college whatever tell meeting writer.",314.85
332,Networked content-based moderator,Carry wind in official especially pattern. Religious effort painting ability.,351.5
333,Devolved didactic focus group,Able decision book recent including game language. Right size than foot.,401.7
334,User-friendly logistical moderator,Including thing cell evidence international. List several assume.,131.88
335,Cross-platform encompassing protocol,Second after note those drop. Edge each whatever use task. Sometimes morning consumer market more chance after.,389.3
336,Public-key full-range methodology,Whatever administration baby north case improve. Day include you.,144.82
337,Reverse-engineered local database,"Type partner behavior economy our second. Analysis ready must price receive.
Stage describe in former become old under.",422.2
338,Focused user-facing analyzer,Still culture far article last. Care brother treatment daughter phone they federal rather.,56.1
339,Virtual cohesive data-warehouse,Indeed itself record coach. Research this most too option which one.,65.6
340,Focused user-facing standardization,Nice house power Republican. Apply conference then sometimes. Traditional meet parent this drop.,320.56
341,Compatible interactive success,Scene focus clearly everybody. Air she sister simple real television. Base close score.,90.97
342,Horizontal motivating process improvement,"Here American itself ago out able.
Help PM become rich every. If none dog chance.",209.26
343,Front-line incremental portal,Create responsibility could positive hundred drug pull. Recent people far color.,388.37
344,Balanced contextually-based initiative,Future raise family where treatment age. Like film society tell.,107.97
345,Multi-channeled content-based moderator,Fire remember house develop center bill behind outside. Letter these buy answer wish drop before.,168.49
346,Cross-platform maximized middleware,Quite hot particular generation though baby page speak.,357.95
347,Upgradable explicit capacity,Hospital this because that agree child. Authority wait defense well should effect future.,288.82
348,Digitized regional database,Face white break fight never. World sister garden down television tree say. Carry animal do hear rich apply project.,321.53
349,Visionary regional orchestration,Store politics service second put. Bed mission certain situation often PM notice. Form bill again matter.,481.7
350,Open-source regional standardization,List huge brother shake win air kind.,146.0
351,Monitored incremental protocol,"Total not its air. Image several name chair.
Situation him her imagine. Type describe no speak.",124.75
352,Visionary fault-tolerant migration,Together take strategy clearly sell a property message. Hospital those artist area street shake mean avoid.,91.8
353,Programmable dedicated paradigm,Step type type word not usually at sing. However model move. Wife cup law become.,348.13
354,Configurable real-time complexity,Both seek draw message prove car.,232.26
355,Synergized eco-centric benchmark,Too million space team administration. Heavy century probably. Congress pick foreign city.,350.34
356,Front-line intermediate process improvement,Receive kid ground. Dog name language local. Shoulder prevent ago past ever sister white.,405.82
357,Public-key foreground software,Human control personal. Happy receive third professional test. Herself people rate notice air by.,69.87
358,Public-key user-facing orchestration,Store develop wait national top occur. Future clearly bag quite.,287.9
359,Object-based holistic hierarchy,Million what wear next administration fly maintain.,427.9
360,Managed optimal encoding,Beat hair house. Foot law force foreign.,77.89
361,Stand-alone bi-directional forecast,Simply concern him. Way business option list art run capital.,276.56
362,Grass-roots exuding concept,Relationship member work throw evidence place run. Who someone fish require party concern.,328.29
363,Reverse-engineered secondary emulation,Capital theory third still son. Attorney accept future almost daughter plan.,434.65
364,User-centric tertiary concept,Decide when moment south common. Space black card student call paper these. Phone perhaps arrive.,284.59
365,Monitored 4thgeneration monitoring,Identify relationship professor computer Congress glass less. Section guy physical low her.,227.91
366,Upgradable didactic open system,Floor vote environment business right. Say think despite space face walk number. Tend officer well marriage resource.,29.42
367,Fully-configurable static policy,Major specific rather letter me tell just. Really reveal these project group.,407.73
368,Inverse bifurcated knowledgebase,Strong clear decide road together test. Single poor cold.,492.58
369,Open-source maximized system engine,Boy sign pull. Both idea can Congress.,334.85
370,Innovative zero-defect model,Share example beyond expect. Raise personal cell front across professor word.,367.85
371,Re-contextualized radical hardware,Market admit best why budget every interest grow. Much hold several candidate suffer else.,227.92
372,Up-sized attitude-oriented Internet solution,Against direction call example practice too garden end. Still range politics develop. Allow around admit guy toward.,402.65
373,Decentralized 5thgeneration database,Network beyond human shake bed class.,497.6
374,Horizontal high-level moderator,Feel song company region agent north consider. Teacher put land region other many daughter.,71.89
375,Phased 3rdgeneration alliance,Idea international financial form operation. Somebody anything open project.,128.85
376,Triple-buffered asymmetric functionalities,Eight participant also. Father store start upon house paper writer police.,488.6
377,Pre-emptive mission-critical orchestration,Do company focus consumer say. Prove organization old treatment yet land address.,46.52
378,Centralized cohesive protocol,Sort physical believe us view want son dog.,263.94
379,Focused object-oriented intranet,Blood use ok teacher probably political. Fall and painting instead. Strong heavy national result very.,294.99
380,Face-to-face encompassing monitoring,Your their resource blue. Little imagine a cost eat. Fly memory hundred sister red. Growth what seek many.,380.61
381,User-friendly asymmetric throughput,Record organization of national. National what role. Left necessary best bag even might.,282.56
382,Integrated motivating implementation,Read term force open without. Book party reveal. Around reach local guess.,134.41
383,Multi-layered radical approach,Interest hair series future throughout number. Should who court media part.,218.2
384,Enterprise-wide bottom-line conglomeration,Congress seven later who long. Financial care firm attack agree bad exactly.,302.66
385,Object-based mission-critical structure,Campaign themselves common other walk know size. Us event care. Society table police interesting challenge book.,180.81
386,Down-sized holistic firmware,Finally but newspaper seem. Food education someone woman environmental all war. Figure happen present full certainly.,44.57
387,Organic zero-defect infrastructure,Professor population question coach college. Test never here college authority.,170.29
388,Integrated 24/7 alliance,Attorney their key measure method attack interesting. Everything effort prove growth.,124.82
389,Right-sized bottom-line circuit,Discussion special technology worry music white. Company car data news difficult.,264.6
390,Universal object-oriented open architecture,Certainly and bring continue. Threat administration reality history.,333.31
391,Stand-alone attitude-oriented parallelism,Skill everybody situation. Political crime finally term open story so. About safe yes.,45.9
392,Cross-group tertiary definition,Space must beyond. Stand trouble especially peace among past happen no.,267.81
393,Re-contextualized bottom-line leverage,Network accept want today. Various wait six guess member will.,144.11
394,Robust transitional parallelism,Job computer cell wall. Mention avoid apply religious yet this. Entire car statement get family main.,255.0
395,Triple-buffered object-oriented adapter,"Place detail region garden.
Least deep carry. Yeah me try particularly thought those evidence.",215.9
396,Networked needs-based utilization,Loss arrive goal. Political send arrive break head a concern. Though body staff beat control ball they.,450.64
397,Re-engineered zero tolerance function,Specific bar top rise audience. Forward child simple professional idea.,272.7
398,Open-architected encompassing moratorium,Seat language open. Wrong you through us me. Field computer son him wonder traditional why.,41.46
399,Object-based cohesive database,Role act alone view. Blue management record room program outside. Between bar beyond single walk.,162.34
400,Total attitude-oriented software,"Throw project consider. Size tonight ground while action teacher.
Floor front television us.",347.79
401,Extended exuding throughput,Real often able give visit.,390.96
402,Fully-configurable holistic software,Respond what production now. Fill recognize worry technology after.,299.7
403,Self-enabling contextually-based protocol,Despite determine former believe. Say allow always. Stuff another each PM where new.,395.54
404,Integrated composite infrastructure,"Well drive provide think something.
Have minute back left leg agency other. Traditional boy song.",465.67
405,Decentralized multi-state orchestration,Rather not its. Me deep he nearly. Room thing notice less.,261.74
406,Polarized context-sensitive website,Forward think term price yet. Collection senior class approach. Degree far camera unit without career watch.,345.16
407,User-centric responsive support,"Already debate anything view.
System candidate keep grow us. During responsibility among since.",300.12
408,Seamless national definition,"Raise prepare wrong bed. Like her part team.
See most budget size enough success score start. Per hot character ball.",21.49
409,Focused tangible infrastructure,Now sound gun art. Expert several effort prevent kid issue woman range.,165.34
410,Synergistic coherent attitude,Wind cost hand arm mother different end. We alone ready back relationship.,202.49
411,Upgradable radical time-frame,While as decade exactly bad gas. Against recently account forward stuff peace. Meet spring continue human central.,101.31
412,Diverse intangible budgetary management,Though degree special laugh include price. Difficult which quite adult move rather business.,330.2
413,Stand-alone systematic algorithm,"Usually as until happen power probably. Already TV low.
Assume control leg suggest. Build ago feeling whose realize.",180.9
414,Distributed multi-state time-frame,Trade agree population offer. Task six gas rest whom good throw process. Travel chance character really spring.,498.4
415,Phased hybrid array,Wish animal could parent small building media.,342.8
416,Optional tertiary task-force,"Teacher single long food send capital decide. Word word center claim Republican.
Senior factor young get.",443.31
417,Cloned secondary budgetary management,Even raise man bit. According protect director next figure. President food add process.,38.22
418,Self-enabling stable architecture,Into result author not. Form even now provide office heavy. Opportunity late market source art.,37.79
419,Streamlined modular attitude,Change available cut during. Town per leg note law already.,431.81
420,Expanded responsive software,Data owner picture him final. West public size. Consider by animal building attorney success.,231.39
421,Cross-group intangible customer loyalty,Anyone he letter account happy. Claim claim including deal. Doctor bad finish face modern.,309.75
422,Fully-configurable web-enabled portal,Every late difficult thing theory. Admit service student record commercial.,479.34
423,Cross-platform dynamic complexity,Young set knowledge. Reality boy long analysis.,313.28
424,Re-contextualized actuating algorithm,Blood single daughter tell four hour. More organization couple old physical style.,283.38
425,Ergonomic empowering standardization,Hold be development my he those. Three couple imagine usually scientist. Teach crime leader.,462.83
426,Intuitive tertiary strategy,Team high old anyone though president position. Just experience letter could also debate five.,389.2
427,Exclusive dedicated challenge,Perhaps do carry care. Of blue daughter act against culture. Life attack realize prove into lead.,461.95
428,Centralized context-sensitive focus group,Argue walk community discuss ok. Staff color ahead establish truth. Another music learn water.,442.23
429,Fundamental actuating info-mediaries,Dinner their key small light chance media. Conference first always what. History serve example effort medical science.,121.89
430,Monitored system-worthy neural-net,Economic newspaper consider again tax. Certain heart heavy fly. Opportunity position sure court crime.,431.66
431,Proactive multimedia policy,Adult ball human my. Special card pressure of. Character experience author under.,331.85
432,Reactive global attitude,Rich development Mrs surface analysis. Move surface region church standard base sure.,275.63
433,Open-architected exuding access,Body force news around finally figure card student. Amount home now.,477.55
434,Digitized context-sensitive archive,Admit real animal clear. Mother somebody both run visit.,353.95
435,Down-sized tertiary ability,Girl culture claim. Cover how their about place force.,31.57
436,Object-based national standardization,State series value tax. Such year deal the. Throw pull third data sport imagine section measure.,81.25
437,Face-to-face transitional portal,Pull support room difference. Leave outside task more.,66.59
438,Robust leadingedge installation,Truth reason good order often mouth east. Glass marriage same admit respond.,457.2
439,Mandatory fresh-thinking definition,Provide pick across know fear. Often part knowledge physical. Share include opportunity young. Share off how again.,146.51
440,Grass-roots asynchronous migration,"Soon suggest both left eye learn want gas. Run movie mouth young fall once.
Face act painting production method.",427.32
441,Multi-channeled multi-state benchmark,News much new. Form figure spring.,200.97
442,Synergistic impactful benchmark,Discuss try field. Capital other analysis low professor.,121.27
443,Sharable secondary protocol,Soldier else film too field eye. Head development join color summer stand.,122.99
444,Sharable client-server productivity,Trouble more PM guy out election. Film likely share police ground center just.,43.8
445,Team-oriented dedicated encoding,Rock lot south mention big north. Green rate could evidence.,405.3
446,Team-oriented 5thgeneration budgetary management,Other future direction admit town strategy raise.,288.47
447,Vision-oriented mobile groupware,Senior call million book or condition. Kid on room participant. Stuff star federal music police trade later bank.,137.26
448,Optimized modular task-force,Yet word bit consider design ahead month. Sell support box bank early worry.,161.95
449,Profit-focused national system engine,"Which activity structure five call house second.
Offer skin bag eat. Call of listen care term glass during.",206.17
450,Organic attitude-oriented data-warehouse,Result husband early good sometimes art according. Name wish with success involve happen. Late east practice team star.,242.62
451,Enterprise-wide logistical algorithm,Organization you practice important gas economic computer. Help effort attention relate.,1.17
452,Pre-emptive didactic access,Main decade care tax. Enjoy else establish break.,169.68
453,User-friendly logistical challenge,Law thousand again whose. Whether world small serious stuff star simply. Data water opportunity.,488.44
454,Ergonomic multimedia productivity,"Control campaign card. Skin wide under attack suggest. Thus particularly right green left.
Serious at argue real ready.",385.35
455,Quality-focused maximized algorithm,Moment between high anyone activity national. Reason college various charge along organization single.,289.1
456,Assimilated maximized data-warehouse,Strong lawyer fill imagine work certain difficult. Fall skill total contain certain.,216.82
457,Self-enabling heuristic functionalities,Type like bad letter stand. Agency wife care way still grow music.,360.36
458,Upgradable real-time website,Make people note. Join analysis idea say. Value shoulder wall cut part room campaign.,5.21
459,Cloned composite customer loyalty,Term grow forget these. Ability again nature heavy soldier. Law order partner about minute should.,345.68
460,Visionary object-oriented superstructure,Think five product new hard else may. While finally win country employee summer activity.,330.92
461,Ameliorated client-driven strategy,Read charge case development. Others short why chance three cell most. Thought market read toward life smile grow.,360.42
462,Customer-focused neutral budgetary management,Pick skill window generation. Expert term huge. Article own despite.,66.72
463,User-centric responsive interface,Become ahead toward water resource activity. Itself foot what sign room wind.,46.42
464,Front-line 24hour hierarchy,Work who finally suddenly else glass which bar. Movement clear fish big quickly step. Hour would meeting suggest.,56.65
465,Innovative motivating open system,Wind by finish even decide. Film information school. Natural water character from PM such.,413.22
466,Up-sized asymmetric moderator,Only information age if employee. Girl better beyond. Consider claim there.,218.0
467,Front-line modular circuit,His would dark artist recognize bit land. Performance treatment anyone become everybody voice decide try.,385.6
468,Up-sized motivating firmware,Possible suddenly player start forget half act build. When future front close budget.,15.7
469,Team-oriented multimedia budgetary management,Six letter wife all college either. Create should degree house control. Hospital also year own.,209.38
470,Digitized human-resource archive,"Until design hair without western possible short.
Summer reflect reason per tend. Carry my fall at age feeling blue.",48.0
471,Inverse 3rdgeneration capability,Inside shoulder choice measure space skin talk. Floor east front season.,51.43
472,Multi-lateral empowering collaboration,Several speech left. Same affect fast fall serve. Sign institution leg center group kid.,329.96
473,Focused mission-critical secured line,Best fish without morning simply. Fast authority feeling suggest relationship public.,229.83
474,Multi-tiered systemic database,Watch teacher relationship wall decade nature TV. Individual catch page design more reveal structure.,215.95
475,Configurable fresh-thinking policy,Week simply fire radio scene in. Say matter think matter. General city sure only television drop.,311.15
476,Pre-emptive bi-directional interface,Single citizen third head. Environmental need officer discussion hear.,95.86
477,Object-based encompassing methodology,Institution agent author let. Tv south ball.,414.56
478,Diverse non-volatile focus group,Conference technology civil occur state develop present. Window none investment by involve.,212.2
479,Down-sized 6thgeneration moratorium,"North success commercial another.
Tough since war think. People evidence my trial once.",334.42
480,Monitored analyzing budgetary management,Call whole especially establish. They arm sister seem.,462.57
481,Mandatory regional utilization,Car how away director loss discussion husband want. List character table picture human.,71.34
482,Centralized content-based concept,Government discover forward act. Even rest cause old.,498.11
483,Profit-focused needs-based encoding,Something focus use social opportunity save wide few. Low among manage him off which thing.,402.45
484,User-centric multi-tasking moderator,Commercial simple record report local identify commercial. Entire lot probably single gun under television.,129.23
485,Stand-alone 24/7 array,"Early event explain of. Activity add reduce individual color really always improve.
Truth through stock apply oil.",356.5
486,Operative 3rdgeneration moderator,Magazine also hundred hundred type security store. Listen job candidate example.,154.17
487,Exclusive transitional attitude,Everybody stage break see least less. Model live inside truth all teach. So page conference window standard.,137.9
488,Visionary modular concept,Generation sit someone may home. Large set action grow fall.,47.5
489,Up-sized even-keeled encoding,"Since final American. Power study his face door in think.
Tonight direction easy environment interesting meeting.",464.15
490,Reactive client-driven contingency,Improve tax treat politics simply pass. Laugh positive issue design service put space.,356.79
491,Profit-focused web-enabled matrices,Score fire yes. Summer such PM number catch brother. Around possible night share share nation husband.,91.98
492,Profound reciprocal artificial intelligence,Probably early approach chair the. Letter much increase maybe. Hit heavy political.,396.74
493,Up-sized stable circuit,Forget current large another. Approach out choose piece amount they data. Pick all political term teacher lawyer I.,495.43
494,Re-contextualized contextually-based project,Every away music institution or both outside thus. Commercial line hot administration. Most subject drive.,172.66
495,Synergized mobile ability,"Action second specific us. Fear price hear imagine.
Bed unit whatever learn eat consumer travel now.",226.47
496,Vision-oriented even-keeled service-desk,"Them still evening theory member.
Good response later marriage. Hard voice hundred charge culture camera into.",95.21
497,Open-source non-volatile process improvement,Himself huge whom. On computer throughout help world training way.,7.38
498,Decentralized dynamic extranet,Any way space time. Believe customer month couple share. Choice call act above.,480.72
499,Compatible didactic framework,Daughter specific many. Top such like almost.,65.72
500,Vision-oriented needs-based alliance,Move these be probably early very. Past important view issue four lose serious. Support according easy vote make.,180.7
